Crude,Sulphur (%),API,Country,Region,Assay Date,Pour Point °C,Tan (mgKOH/g),Notes
AASGARD BLEND,0.112822045,52.47437944,,,,-85.0801805,0.020403235,https://corporate.exxonmobil.com/Crude-oils/Crude-trading/Assays-available-for-download
Agbami,0.040500394,47.89712257,Nigeria,Africa,21-Mar-12,5,0.100000001,https://www.equinor.com/energy/crude-oil-assays
AKPO BLEND,0.065,46.7,Nigeria,Africa,22/10/2020 00:00,-6.1,0.08,https://ts.totalenergies.com/business-customers/crude-assays/
AL JURF,1.84,30.4894212,Libya,Africa,28/02/2011 00:00,-3,0.05,https://ts.totalenergies.com/business-customers/crude-assays/
AL SHAHEEN,2.3,29,Qatar,Asia,25/02/2016 00:00,-21.2,0.13,https://ts.totalenergies.com/business-customers/crude-assays/
Alaskan North Slope,0.909,33,United States of America,North America,10/04/2018 00:00,-36,0.24,https://www.bp.com/en/global/bp-trading-and-shipping/documents-and-downloads/technical-downloads/
Albacora Leste,0.602,19,Brazil,South America,,-33,2.39,
Algerian Condensate - Bejaia,0.001938479,68.56545866,Algeria,Africa,14-Aug-18,-78,0.01,https://www.equinor.com/energy/crude-oil-assays
Alvheim Blend (5%vol Frosk),0.184,33.9,North Sea - Norway,,07/09/2021 00:00,-27,0.36,https://www.bp.com/en/global/bp-trading-and-shipping/documents-and-downloads/technical-downloads/
AMENAM BLEND,0.109,38.7,Nigeria,Africa,11/01/2021 00:00,5.8,0.38,https://ts.totalenergies.com/business-customers/crude-assays/
Amna,0.17,37,Libya,North Africa,,,0,
ANS,0.96,31.4,US,North America,,,0,
Arab Extra Light,1.09,40,Saudi Arabia,Middle East,,,0,
Arab Heavy,2.8,28,Saudi Arabia,Middle East,,,0,
Arab Light,1.77,33,Saudi Arabia,Middle East,,,0,
Arab Medium,2.55,31,Saudi Arabia,Middle East,,,0,
Arab Super Light,0.09,51,Saudi Arabia,Middle East,,,0,
Ardjuna   ,0.13,35.1,Indonesia,Asia-Pacific,,,0,
ASGARD BLEND,0.182,48.5,Norway,Europe,29/08/2019 00:00,-35.9,0.04,https://ts.totalenergies.com/business-customers/crude-assays/
Asgard Blend,0.20008549,47.70007542,Norway,Europe,24-Jan-22,-39.00001974,0.050000001,https://www.equinor.com/energy/crude-oil-assays
ATAPU,0.372,28.3,Brazil,South America,27/04/2021 00:00,-17.9,0.24,https://ts.totalenergies.com/business-customers/crude-assays/
Attaka,0.04,44.7,Indonesia,Asia-Pacific,,,0,
Azeri  Light  (FOB Ceyhan),0.15,36.55,Azerbaijan,Urals/Mediterranean,,,0,
Azeri (Ceyhan),0.17,38.2,Azerbaijan,Asia,23/11/2020 00:00,-21,0.5,https://www.bp.com/en/global/bp-trading-and-shipping/documents-and-downloads/technical-downloads/
Azeri Light,0.147,35.3,Azerbaijan,Asia,21/02/2019 00:00,-18,0.5,https://www.bp.com/en/global/bp-trading-and-shipping/documents-and-downloads/technical-downloads/
Azeri Lt/BTC - Ceyhan,0.151254571,36.97912747,Azerbaijan,Asia,05-Nov-19,-9,0.419999987,https://www.equinor.com/energy/crude-oil-assays
Bach Ho   ,0.04,38.6,Vietnam,Asia-Pacific,,,0,
BADAK,0.06,38.89869091,Indonesia,Asia,25/02/2009 00:00,3,0.102,https://ts.totalenergies.com/business-customers/crude-assays/
Bakken,0.072132524,43.33745146,United States of America,,02-Dec-16,-36.11111111,0.039999999,https://www.equinor.com/energy/crude-oil-assays
BALDER BLEND,0.639922203,26.42165419,,,,18.40551784,1.119347069,https://corporate.exxonmobil.com/Crude-oils/Crude-trading/Assays-available-for-download
Banoco,2.45,31.8,Bahrain,Middle East,,,0,
BANYU URIP,0.304831154,32.00096217,,,,80.6,0.048194537,https://corporate.exxonmobil.com/Crude-oils/Crude-trading/Assays-available-for-download
BASRAH,2.926702332,29.88252639,,,,-67.69160803,0.259597098,https://corporate.exxonmobil.com/Crude-oils/Crude-trading/Assays-available-for-download
Basrah Heavy,4.12,23.7,Iraq,Asia,04/06/2015 00:00,-54,0.3,https://www.bp.com/en/global/bp-trading-and-shipping/documents-and-downloads/technical-downloads/
Basrah Light,2.92,30,Iraq,Middle East,,,0,
Basrah Medium,3.67,28,Iraq,Asia,25/11/2020 00:00,-57,0.21,https://www.bp.com/en/global/bp-trading-and-shipping/documents-and-downloads/technical-downloads/
BEKAPAI,0.0578,41.7,Indonesia,Asia,01/03/2016 00:00,3,0.181,https://ts.totalenergies.com/business-customers/crude-assays/
Belida   ,0.02,46.2,Indonesia,Asia-Pacific,,,0,
BONGA,0.248,29.4,Nigeria,Africa,27/10/2015 00:00,-23.9,0.459,https://ts.totalenergies.com/business-customers/crude-assays/
Bonito,1.13,34.13,USA,North America,,,0,
BONNY LIGHT,0.151,34.9,Nigeria,Africa,18/06/2020 00:00,-18.2,0.26,https://ts.totalenergies.com/business-customers/crude-assays/
BONTANG return condensate,0.01,72.80274329,Indonesia,Asia,05/06/1997 00:00,<-50,0.001,https://ts.totalenergies.com/business-customers/crude-assays/
Bow River,2.1,24.7,Canada,North America,,,0,
BRASS RIVER,0.127,36.6,Nigeria,Africa,01/05/2018 00:00,-35.8,0.28,https://ts.totalenergies.com/business-customers/crude-assays/
Brega,0.22,42,Libya,North Africa,,,0,
Brent Blend,0.391,38.6,North Sea - UK,,08/07/2016 00:00,3,0.05,https://www.bp.com/en/global/bp-trading-and-shipping/documents-and-downloads/technical-downloads/
BTC,0.16,36.6,Azerbaijan,Europe,,,0,
CABINDA,0.168,32.4,Angola,Africa,23/01/2020 00:00,3,0.05,https://ts.totalenergies.com/business-customers/crude-assays/
CASCADE CHINOOK BLEND,2.81,24.6,United States of America,,13/01/2013 00:00,-23.9,0.267,https://ts.totalenergies.com/business-customers/crude-assays/
Castilla,1.97,18.8,Colombia,South America,,,0,
Ceiba,0.398,31.44,Equatorial Guinea,Cental-Africa,,-6,0.7,
Champion,0.12,28,Brunei,North America,,,0,
Cinta    ,0.11,32.7,Indonesia,Asia-Pacific,,,0,
Clair,0.463,23.5,North Sea - UK,,22/08/2019 00:00,-15,1.07,https://www.bp.com/en/global/bp-trading-and-shipping/documents-and-downloads/technical-downloads/
CLOV,0.257,32,Angola,Africa,26/05/2020 00:00,-24.1,0.74,https://ts.totalenergies.com/business-customers/crude-assays/
COLD LAKE BLEND,3.750410593,20.07847376,Canada,North America,,-27.41360202,1.319979448,https://corporate.exxonmobil.com/Crude-oils/Crude-trading/Assays-available-for-download
CONDENSATE ICHTHYS,0.00824,48.4,Australia,Oceania,25/04/2019 00:00,6,0.05,https://ts.totalenergies.com/business-customers/crude-assays/
CONDENSATE SENIPAH,0.0306,50,Indonesia,Asia,01/03/2016 00:00,-36,0.028,https://ts.totalenergies.com/business-customers/crude-assays/
CONDENSATE SNOHVIT,0.00703,63.7,Norway,Europe,24/08/2018 00:00,-55.1,0.01,https://ts.totalenergies.com/business-customers/crude-assays/
CONDENSATE-BONTANG-RETURN,0.01,72.80274329,Indonesia,Asia,05/06/1997 00:00,-50,0.001,https://ts.totalenergies.com/wp-content/uploads/
Cossack,0.03,48.8,Australia,Oceania,05/10/2016 00:00,-24,0.04,https://www.bp.com/en/global/bp-trading-and-shipping/documents-and-downloads/technical-downloads/
CPC,0.56,45.3,Kazakhstan,Urals/Mediterranean,,,0,
CRUDE OIL LIZA,,31.99694245,,,,,,https://corporate.exxonmobil.com/Crude-oils/Crude-trading/Assays-available-for-download
CULZEAN,0.0081,49.2,United Kingdom,Europe,28/05/2020 00:00,5.9,0.02,https://ts.totalenergies.com/business-customers/crude-assays/
CURLEW,0.143718311,47.39905756,,,,7.699999997,0.110010018,https://corporate.exxonmobil.com/Crude-oils/Crude-trading/Assays-available-for-download
Dalia,0.509384759,23.48926556,Angola,Africa,28-Jul-18,-54,1.529999971,https://www.equinor.com/energy/crude-oil-assays
Daqing    ,0.1,32.7,China,Asia-Pacific,,,0,
Dar,0.12,26.4,South Sudan,East Africa,,,0,Blend
DAS BLEND,1.14,39.1,Abu Dhabi,,21/03/2016 00:00,-6,0.0454,https://ts.totalenergies.com/business-customers/crude-assays/
DJENO,0.541,26.4,Congo,,30/01/2018 00:00,-6.2,0.7,https://ts.totalenergies.com/business-customers/crude-assays/
DOBA BLEND,0.068596566,28.49986129,Chad,North Africa,,80.65684185,1.390093394,https://corporate.exxonmobil.com/Crude-oils/Crude-trading/Assays-available-for-download
Domestic Sweet (DSW),0.41,41.6,USA,North America,,,0,
Draugen,0.15284646,40.42346367,Norway,Europe,15-Feb-22,-24,0.109999999,https://www.equinor.com/energy/crude-oil-assays
Dubai,2.04,31,UAE,Middle East,,,0,
DUC,0.26,33.7,Denmark,Europe,03/06/2015 00:00,-39,0.39,https://ts.totalenergies.com/business-customers/crude-assays/
DUMBARTON,0.282,40.2,United Kingdom,Europe,23/07/2015 00:00,-35.9,0.04,https://ts.totalenergies.com/business-customers/crude-assays/
Duri   ,0.14,21.5,Indonesia,Asia-Pacific,,,0,
EA BLEND,0.09,35.02644938,Nigeria,Africa,01/12/2010 00:00,-33,0.21,https://ts.totalenergies.com/business-customers/crude-assays/
Eagle Ford Condensate,0.05,57.52,USA,North America,,,0,
Eagle Ford crude,0.13,46.1,USA,North America,,,0,
EBOK,0.395998006,19.80041562,Nigeria,West Africa,,-35.5,2.955100499,https://corporate.exxonmobil.com/Crude-oils/Crude-trading/Assays-available-for-download
EGINA,0.168,27.3,Nigeria,Africa,04/10/2019 00:00,-20.9,0.22,https://ts.totalenergies.com/business-customers/crude-assays/
EKOFISK,0.208,38.9,Norway,Europe,01/10/2015 00:00,-3,0.106,https://ts.totalenergies.com/business-customers/crude-assays/
El Sharara,0.08,42.6,Libya,North Africa,,,0,Assay Date: 27/11/2020; https://ts.totalenergies.com/business-customers/crude-assays/
Enfield,0.12,22,Australia,Asia-Pacific,,,0,
ERHA,0.169943836,35.39798109,,,,13.1,0.320940564,https://corporate.exxonmobil.com/Crude-oils/Crude-trading/Assays-available-for-download
ES SHARARA,0.077,42.6,Libya,Africa,27/11/2020 00:00,-59.9,0.05,https://ts.totalenergies.com/business-customers/crude-assays/
ES SIDER,0.378,36.2,Libya,Africa,16/10/2018 00:00,0,0.16,https://ts.totalenergies.com/business-customers/crude-assays/
Escalante,0.19,24.1,Argentina,South America,,,0,
Escravos,0.17,33.51,Nigeria,West Africa,,-3,0.52,
ESPO,0.5,34.7,Russia,Urals/Mediterranean,,,0.06,
Eugene Island,1.2,36,USA,North America,,,0,
Fateh,3,30,UAE,Middle East,,,0,
Flotta,0.98,36.2,Norway,North Sea,,,0,
FLOTTA GOLD,0.63,36.3,United Kingdom,Europe,23/02/2021 00:00,-14.9,0.1,https://ts.totalenergies.com/business-customers/crude-assays/
FORCADOS,0.22,31.5,Nigeria,Africa,01/03/2014 00:00,5.2,0.33,https://ts.totalenergies.com/business-customers/crude-assays/
FORT HILLS REDUCED CARBON LIFE CYCLE DILBIT,3.93,21.2,Canada,North America,31/03/2017 00:00,-35.9,2.24,https://ts.totalenergies.com/business-customers/crude-assays/
Forties,0.665540365,40.13065946,North Sea - UK,Europe,08-Nov-19,-6,0.143000007,https://www.equinor.com/energy/crude-oil-assays
Galeota Mix,0.234,36.3,Trinidad and Tobago,North America,14/12/2018 00:00,-27,0.36,https://www.bp.com/en/global/bp-trading-and-shipping/documents-and-downloads/technical-downloads/
Gimboa,0.64,24.59,Angola,West Africa,,-24,0.65,
Gina Krog,0.143723675,43.31093372,Norway,Europe,27-Apr-22,3.693037517,0.038914382,https://www.equinor.com/energy/crude-oil-assays
GINDUNGO,0.577,32,Angola,Africa,12/03/2019 00:00,-7.7,0.54,https://ts.totalenergies.com/business-customers/crude-assays/
GIPPSLAND BLEND,0.044053359,55.40570527,Australia ,Asia-Pacific,,-51.7,0.063524284,https://corporate.exxonmobil.com/Crude-oils/Crude-trading/Assays-available-for-download
Girassol,0.321,29.8,Angola,Africa,11/04/2017 00:00,-24,0.4,https://www.bp.com/en/global/bp-trading-and-shipping/documents-and-downloads/technical-downloads/
Goliat,0.18621544,38.97084694,Norway,Europe,28-Sep-17,-27,0.059999999,https://www.equinor.com/energy/crude-oil-assays
GORGON,0.008992148,52.98615064,,,,-34.27809676,0.016899477,https://corporate.exxonmobil.com/Crude-oils/Crude-trading/Assays-available-for-download
Grane,0.566391551,31.50536459,Norway,Europe,28 juni 2022,-2.723516255,0.716102631,https://www.equinor.com/energy/crude-oil-assays
Griffin ,0.03,55,Australia,Asia-Pacific,,,0,
GRYPHON,0.39,22.68,United Kingdom,Europe,18/12/2008 00:00,-39,3.9,https://ts.totalenergies.com/business-customers/crude-assays/
GUDRUN BLEND,0.0673,50.7,Norway,Europe,12/01/2015 00:00,-71.9,0.0111,https://ts.totalenergies.com/business-customers/crude-assays/
Gudrun Blend,0.079813212,53.67712698,Norway,Europe,19 mars 2020,-39,0.02,https://www.equinor.com/energy/crude-oil-assays
Gullfaks,0.204949525,39.23058408,Norway,Europe,27-Sep-19,-7.054458132,0.102005218,https://www.equinor.com/energy/crude-oil-assays
HANDIL MIX,0.059,39.5,Indonesia,Asia,01/03/2016 00:00,6,0.122,https://ts.totalenergies.com/business-customers/crude-assays/
HARDING,0.62,20.28,United Kingdom,Europe,20/02/2019 00:00,-24,2.9,https://ts.totalenergies.com/business-customers/crude-assays/
Hebron,0.790712296,20.40551635,Newfoundland,,27-Jul-18,-2.777777778,1.200000048,https://www.equinor.com/energy/crude-oil-assays
Heidrun,0.532004639,24.44094409,Norway,Europe,16-Mar-18,-64.99367715,3.200000048,https://www.equinor.com/energy/crude-oil-assays
Hibernia,0.558974609,34.1908318,Newfoundland,,01-Jun-16,3,0.090999998,https://www.equinor.com/energy/crude-oil-assays
HLS @ Empire ex Diamondway,0.471,33.2,Louisiana,North America,08/12/2021 00:00,-24,0.35,https://www.bp.com/en/global/bp-trading-and-shipping/documents-and-downloads/technical-downloads/
HOOPS BLEND,1.149423349,35.20758503,,,,-46.30152934,0.909154941,https://corporate.exxonmobil.com/Crude-oils/Crude-trading/Assays-available-for-download
Hungo,0.654,28.8,Angola,Africa,23/05/2020 00:00,-45,0.45,https://www.bp.com/en/global/bp-trading-and-shipping/documents-and-downloads/technical-downloads/
Iracema,0.262,31,Brazil,South America,,3,0.11,
Iranian Heavy,1.99,29.5,Iran,Urals/Mediterranean,,,0,
Iranian Light,1.36,33.4,Iran,Urals/Mediterranean,,,0,
Isthmus,1.3,33.6,Mexico,South America,,,0,
JOHAN SVERDRUP,0.809,28.7,Norway,Europe,01/04/2021 00:00,-9,0.32,https://ts.totalenergies.com/business-customers/crude-assays/
Jotun,0.172984117,41.51309155,Jotun,,03-Feb-17,-33,0.090000004,https://www.equinor.com/energy/crude-oil-assays
Jubarte,0.562,17.1,Brazil,South America,,-15,3.2,
Jubilee,0.3,37.4,Ghana,West Africa,,-2.7,0.05,
KEARL BLEND,3.850418197,20.15917721,,,,-43.58773251,2.052657094,https://corporate.exxonmobil.com/Crude-oils/Crude-trading/Assays-available-for-download
Kern River,1.1,13,Canada,North America,,,0,
Khafji,2.85,29,Neutral Zone,Middle East,,-21,0,
Kikeh,0.06,36.7,Malaysia,Asia-Pacific,,,0,
Kimanis,0.06,38.6,Malaysia,Asia-Pacific,,,0,
Kirkuk,2.24,34.2,Iraq,Asia,06/05/2015 00:00,-57,0.08,https://www.bp.com/en/global/bp-trading-and-shipping/documents-and-downloads/technical-downloads/
Kissanje,0.374,29.5,Angola,Africa,03/07/2018 00:00,-9,0.52,https://www.bp.com/en/global/bp-trading-and-shipping/documents-and-downloads/technical-downloads/
Kole,0.33,31,Cameroon,West Africa,,,0,
Kumkol,0.11,41.2,Kazakhstan,Urals/Mediterranean,,,0,
KUTUBU BLEND,0.021086343,51.40020348,New Guinea,Asia-Pacific,,-3.659227522,0.020320263,https://corporate.exxonmobil.com/Crude-oils/Crude-trading/Assays-available-for-download
Kuwait,2.52,31,Kuwait,Middle East,,,0,
Labuan   ,0.08,31.5,Malaysia,Asia-Pacific,,,0,
LAPA,0.568,22.7,Brazil,South America,08/10/2018 00:00,12,0.44,https://ts.totalenergies.com/business-customers/crude-assays/
LHS,0.45,42,USA,North America,,,0,
Light Luisiana Sweet (LLS),0.36,36.64,USA,North America,,,0,
Line 63,1.02,28,USA,North America,,,0,
Liza,0.58,32,Guyana,South America,,2,0.22,https://corporate.exxonmobil.com/crude-oils/crude-trading/liza
LLB,3.46,20.9,Canada,North America,,,0,
LLS,0.39,38.5,USA,North America,,,0,
Lokele,0.45,20.2,Cameroom,West Africa,,-51,0,
LOOP Sour,2.33,30.2,USA,North America,,,0,
Loreto,1.3,18.1,Peru,South America,,,0,
LSB,1.05,36.1,Canada,North America,,,0,
Lula,0.351,30.5,Brazil,South America,,-27,0.26,
Magdalena,1.6,20,Colombia,South America,,,0,
MANDJI,1,30.00841104,Gabon,Africa,18/03/2010 00:00,3,0.48,https://ts.totalenergies.com/business-customers/crude-assays/
MARIB LIGHT,0.129490345,45.0978009,,,,-30.13230774,0.055525774,https://corporate.exxonmobil.com/Crude-oils/Crude-trading/Assays-available-for-download
Mariner,1.045707724,14.70310822,United Kingdom,Europe,08 juli 2021,-11.03407768,4.221960716,https://www.equinor.com/energy/crude-oil-assays
Marlim,0.78,19.2,Brazil,South America,,,0,
Mars,1.87,29.4,United States of America,North America,01/03/2017 00:00,-24,0.41,https://www.bp.com/en/global/bp-trading-and-shipping/documents-and-downloads/technical-downloads/
Martin Linge,0.20957351,27.99036827,Norway,Europe,13 desember 2021,-24.51096963,2.60234484,https://www.equinor.com/energy/crude-oil-assays
Masila,0.54,31,Yemen,Middle East,,,0,
Maya,3.3,22,Mexico,South America,,,0,
MEH,0.45,42,US,North America,,,0,
Merey,2.45,16,Venezuela,South America,,,0,
MERO,0.322,28.8,Brazil,South America,01/07/2019 00:00,-18,0.28,https://ts.totalenergies.com/business-customers/crude-assays/
Mesa,0.9,30,Venezuela,South America,,,0,
Midale,2.35,30,Canada,North America,,,0,
Midway Sunset,1.2,13,USA,North America,,,0,
Minas    ,0.08,36,Indonesia,Asia-Pacific,,,0,
Miri   ,0.08,31.9,Malaysia,Asia-Pacific,,,0,
Mondo,0.39,30.3,Angola,West Africa,,-2.22,0.67,
Mondo,0.461,27,Angola,Africa,17/01/2017 00:00,-48,1.04,https://www.bp.com/en/global/bp-trading-and-shipping/documents-and-downloads/technical-downloads/
MOSTARDA,1.12,28,Angola,Africa,09/05/2019 00:00,1.5,0.529,https://ts.totalenergies.com/business-customers/crude-assays/
MSW,0.4,40.5,Canada,North America,,,0,
Murban,0.756,40.3,Abu Dhabi,Asia,19/02/2015 00:00,-24,0.04,https://www.bp.com/en/global/bp-trading-and-shipping/documents-and-downloads/technical-downloads/
Nanhai Light    ,0.05,39.5,China,Asia-Pacific,,,0,
Napo,2.01,19,Ecuador,South America,,,0,
NEMBA,0.297,38,Angola,Africa,10/07/2018 00:00,-3,0.3,https://ts.totalenergies.com/business-customers/crude-assays/
Nile Blend,0.05,32.8,Sudan,East Africa,,,0,
Niobrara,0.39,39,USA,North America,,,0,
Njord,0.049401936,46.6214856,Norway,Europe,27-Jun-08,-15,0.02,https://www.equinor.com/energy/crude-oil-assays
N'KOSSA BLEND,0.0413,42.4,Congo,,25/08/2017 00:00,-2.9,0.04,https://ts.totalenergies.com/business-customers/crude-assays/
Norne,0.232562899,32.02673649,Norway,Europe,23-Nov-20,15,0.189999998,https://www.equinor.com/energy/crude-oil-assays
North West Shelf ,0.01,60, Australia,Asia-Pacific,,,0,
North West Shelf Condensate,0.003,63,Australia,Oceania,05/02/2012 00:00,-69,0.02,https://www.bp.com/en/global/bp-trading-and-shipping/documents-and-downloads/technical-downloads/
Olmeca,0.8,39.3,Mexico,South America,,,0,
Olombendo,0.12,35.2,Angola,West Africa,,12,0.11,
OMAN,1.29,33.2,Oman,Asia,10/10/2020 00:00,-44.9,0.58,https://ts.totalenergies.com/business-customers/crude-assays/
Oriente,1.4,24,Ecuador,South America,,,0,
Ormen Lange Condensate,0.003595765,62.54743648,Norway,Europe,16-Feb-18,-37.62462615,0.050000001,https://www.equinor.com/energy/crude-oil-assays
OSEBERG,0.203,39.6,Norway,Europe,20/05/2016 00:00,-15,0.12,https://ts.totalenergies.com/business-customers/crude-assays/
OSO CONDENSATE,0.030716957,49.19937798,,,,26.6,0.110051971,https://corporate.exxonmobil.com/Crude-oils/Crude-trading/Assays-available-for-download
Palanca,0.16,36.95,Angola,West Africa,,9,0.03,
Pazflor,0.413,24.2,Angola,Africa,15/09/2016 00:00,-51,1.54,https://www.bp.com/en/global/bp-trading-and-shipping/documents-and-downloads/technical-downloads/
Peregrino,1.790653478,13.54669538,Brazil,South America,27-Feb-14,8.9,1.100000024,https://www.equinor.com/energy/crude-oil-assays
Plutonio,0.388,32.5,Angola,Africa,09/01/2022 00:00,9,0.16,https://www.bp.com/en/global/bp-trading-and-shipping/documents-and-downloads/technical-downloads/
Poseidon,1.94748763,29.07647527,United States of America,,18-Oct-17,-30,0.795000017,https://www.equinor.com/energy/crude-oil-assays
Pyrenees,0.21,19,Australia,Asia-Pacific,,,0,
Qaiyarah,7.52,16.8,Iraq,Middle East,,-10,0,
QATAR MARINE,1.85,32.64915675,QATAR,Asia,01/10/2008 00:00,-15,0.7,https://ts.totalenergies.com/business-customers/crude-assays/
QUA IBOE,0.099977933,37.60047189,Nigeria,West Africa,,48.2,0.258270129,https://corporate.exxonmobil.com/Crude-oils/Crude-trading/Assays-available-for-download
Rabi,0.14,33.2,Gabon,West Africa,,,0,
Rabi Light,0.11,35.8,Gabon,West Africa,,,0,
Roncador,0.673340891,19.80251453,Brazil,South America,01-Sep-14,-27,2.390000105,https://www.equinor.com/energy/crude-oil-assays
Roncador 28,0.535934287,28.00229252,Brazil,South America,01-Dec-13,-16.60929312,0.140000001,https://www.equinor.com/energy/crude-oil-assays
Roncador Heavy,0.67,19.8,Brazil,South America,,-27,2.39,Assay Date: 01/09/2014; https://www.equinor.com/en/what-we-do/crude-oil-and-condensate-assays.html
Roncador Light,0.54,28,Brazil,South America,,-17,0.14,Assay Date: 01/12/2013; https://www.equinor.com/en/what-we-do/crude-oil-and-condensate-assays.html
SABLE ISLAND,0.002547304,61.09976858,,,,-117.7648329,0.008632429,https://corporate.exxonmobil.com/Crude-oils/Crude-trading/Assays-available-for-download
Saharan Blend,0.1,45,Algeria,Urals/Mediterranean,,,0,
Sakhalin Blend,0.16,44.7,Russia,Europe,,,0,
San Joaquin Light,1.1,26,USA,North America,,,0,
Sangos,0.63,31.7,Angola,West Africa,,6,0.22,
Sankofa,0.3,28.9,Ghana,West Africa,,,0,
Santa Barbara,0.95,36,Venezuela,South America,,,0,
Sapinhoa,0.385,29.8,Brazil,South America,,-15,0.3,
Sarir,0.83,38,Libya,North Africa,,,0,
Saturno Blend,0.808,26.5,Angola,Africa,22/07/2019 00:00,-39,0.52,https://www.bp.com/en/global/bp-trading-and-shipping/documents-and-downloads/technical-downloads/
Saxi Blend,0.211,35.6,Angola,Africa,05/08/2019 00:00,-27,0.53,https://www.bp.com/en/global/bp-trading-and-shipping/documents-and-downloads/technical-downloads/
Schiehallion,0.432,25.7,North Sea - UK,,06/09/2021 00:00,-18,0.4,https://www.bp.com/en/global/bp-trading-and-shipping/documents-and-downloads/technical-downloads/
Senipah  ,0.02,53.9,Indonesia,Asia-Pacific,,,0,
SEPIA,0.434,27.4,Brazil,South America,17/12/2021 00:00,-6.1,0.3,https://ts.totalenergies.com/business-customers/crude-assays/
SERIA LIGHT,0.0655,39,Brunei,Asia,31/07/2013 00:00,0,0.214,https://ts.totalenergies.com/business-customers/crude-assays/
Shengli  ,0.9,24,China,Asia-Pacific,,,0,
Siberian Light,0.57,35.1,Russia,Urals/Mediterranean,,,0,
Sirtica,0.4,41,Libya,North Africa,,,0,
Skarv,0.102809447,48.99919701,Norway,Europe,15-Nov-20,-35.59750152,0.023170457,https://www.equinor.com/energy/crude-oil-assays
Snohvit Condensate,0.006799521,63.67856599,Norway,Europe,24-Aug-18,-55.07068653,0.01,https://www.equinor.com/energy/crude-oil-assays
Sokol,0.27,35.6,Russia,Europe,,,0.19,
Southern Green Canyon,2.35,27.7,United States of America,North America,10/06/2021 00:00,-21,0.13,https://www.bp.com/en/global/bp-trading-and-shipping/documents-and-downloads/technical-downloads/
Statfjord,0.219298452,39.52808412,Norway,Europe,19-Apr-10,3,0.050000001,https://www.equinor.com/energy/crude-oil-assays
Su Tu Den,0.05,35.8,Vietnam,Asia-Pacific,,,0,
Suez Blend,1.41,31.3,Egypt,Urals/Mediterranean,,,0,
SURURU,0.348,28.3,Brazil,South America,20/11/2020 00:00,-18,0.14,https://ts.totalenergies.com/business-customers/crude-assays/
SYNBIT SHB,2.97,19.02343236,Canada,North America,27/05/2010 00:00,-36,1.33,https://ts.totalenergies.com/business-customers/crude-assays/
Syncrude ,0.16,33,Canada,North America,,,0,
Syrian Heavy,4.19,23.12,Syria,Urals/Mediterranean,,,0,
Syrian Light,0.68,38,Syria,Urals/Mediterranean,,,0,
Tangguh Condensate,0.028,45.6,Indonesia,Asia,08/06/2015 00:00,-9,0.07,https://www.bp.com/en/global/bp-trading-and-shipping/documents-and-downloads/technical-downloads/
TAPIS,0.044143334,42.69967483,Malaysia ,Asia-Pacific,,60.8,0.214668923,https://corporate.exxonmobil.com/Crude-oils/Crude-trading/Assays-available-for-download
Ten Blend,0.39,36.2,Ghana,West Africa,,9,0.05,
Tengiz,0.47,47.5,Kazakhstan,Central-Asia,,,0,
TERENGGANU CONDENSATE,0.002039587,73.09697823,,,,-32.80000001,0.010128533,https://corporate.exxonmobil.com/Crude-oils/Crude-trading/Assays-available-for-download
Terra Nova,0.524816704,34.20422686,Newfoundland,North America,28-Jan-15,10.5,0.02659742,https://www.equinor.com/energy/crude-oil-assays
THUMS,1.5,17,USA,North America,,,0,
Thunder Horse,0.812,33.5,United States of America,North America,13/10/2019 00:00,-15,0.05,https://www.bp.com/en/global/bp-trading-and-shipping/documents-and-downloads/technical-downloads/
TRITON BLEND,0.392634261,36.90139866,,,,23.9,0.107580377,https://corporate.exxonmobil.com/Crude-oils/Crude-trading/Assays-available-for-download
Troll,0.210608423,35.10315583,Norway,Europe,24 juni 2021,-6.175943632,0.645519059,https://www.equinor.com/energy/crude-oil-assays
UNITY GOLD,,33.47414871,,,,,,https://corporate.exxonmobil.com/Crude-oils/Crude-trading/Assays-available-for-download
UPPER ZAKHUM,1.82,33.9,United Arab Emirates,Asia,01/01/2012 00:00,-37.2,0.0506,https://ts.totalenergies.com/business-customers/crude-assays/
Urals (ex-Baltics),1.44,31.5,Russia,Urals/Mediterranean,,,0,
Urals (ex-Novo),1.36,31.3,Russia,Urals/Mediterranean,,,0,
USAN,0.272915,28.9998489,Nigeria,West Africa,,-107.306895,1.525117769,https://corporate.exxonmobil.com/Crude-oils/Crude-trading/Assays-available-for-download
Van Gogh,0.37,17,Australia,Asia-Pacific,,,0,
Vasconia,0.83,24.3,Colombia,South America,,,0,
Vincent,0.55,18.5,Australia,Asia-Pacific,,,0,
VOLVE,1.77996912,29.10158724,,,,26.6,0.110543408,https://corporate.exxonmobil.com/Crude-oils/Crude-trading/Assays-available-for-download
WCS,3.64,20.1,Canada,North America,,,0,
West Texas Intermediate (WTI),0.33,40.42,USA,North America,,,0,
Western Canadian Select (WCS),3.59,21,USA,North America,,,0,
White Cliffs,0.39,46,USA,North America,,,0,
White Rose,0.39,46,Canada,North America,,,0,
Widuri   ,0.07,33.3,Indonesia,Asia-Pacific,,,0,
Wilmington,1.2,17,USA,North America,,,0,
WOOLLYBUTT,0.017747594,48.9980541,,,,-65.2,0.035931403,https://corporate.exxonmobil.com/Crude-oils/Crude-trading/Assays-available-for-download
WTS,0.5,38,USA,North America,,,0,
Wyoming Sweet,0.9,32,USA,North America,,,0,
Yoho,0.06,40.5,Nigeria,West Africa,,18,0.23,
Zafiro,0.26,29.5,Equatorial Guinea,Cental-Africa,,-65.2,0.78,See assay details
Zarzaitine,0.1,42.5,Algeria,Urals/Mediterranean,,,0,
Zuetina,0.31,41.5,Libya,Middle East,,,0,
